{
  "# channels": 2,
  "# active areas": 4,

  "Calibration Matrix": {
    "AA1":[
      [-1.38923206237199,4.78899198013525],
      [-5.01101012095368,1.17326414799962]
    ],
    "AA2":[
      [-0.659999818936315,3.24286891200954],
      [-2.72448736571245,1.07248995813529]
    ],
    "AA3":[
      [-1.03506537834850,3.42056115447878],
      [-3.74621535813538,1.10179018490125]
    ],
    "AA4":[
      [-4.60342660951327,16.6217291595030],
      [-11.3074968077466,2.20933303239648]
    ]
  }







}
